<?xml version="1.0" encoding="UTF-8"?>
<root>
  <item name="com.jkb.slidemenu.SlideMenuAction void setSlideMode(int) 0">
    <annotation name="android.support.annotation.IntDef">
      <val name="value" val="{com.jkb.slidemenu.SlideMenuAction.SLIDE_MODE_LEFT, com.jkb.slidemenu.SlideMenuAction.SLIDE_MODE_RIGHT, com.jkb.slidemenu.SlideMenuAction.SLIDE_MODE_LEFT_RIGHT, com.jkb.slidemenu.SlideMenuAction.SLIDE_MODE_NONE}" />
    </annotation>
  </item>
  <item name="com.jkb.slidemenu.SlideMenuAction.SlideMode">
    <annotation name="android.support.annotation.IntDef">
      <val name="value" val="{com.jkb.slidemenu.SlideMenuAction.SLIDE_MODE_LEFT, com.jkb.slidemenu.SlideMenuAction.SLIDE_MODE_RIGHT, com.jkb.slidemenu.SlideMenuAction.SLIDE_MODE_LEFT_RIGHT, com.jkb.slidemenu.SlideMenuAction.SLIDE_MODE_NONE}" />
    </annotation>
  </item>
  <item name="com.jkb.slidemenu.SlideMenuLayout void setSlideMode(int) 0">
    <annotation name="android.support.annotation.IntDef">
      <val name="value" val="{com.jkb.slidemenu.SlideMenuAction.SLIDE_MODE_LEFT, com.jkb.slidemenu.SlideMenuAction.SLIDE_MODE_RIGHT, com.jkb.slidemenu.SlideMenuAction.SLIDE_MODE_LEFT_RIGHT, com.jkb.slidemenu.SlideMenuAction.SLIDE_MODE_NONE}" />
    </annotation>
  </item>
</root>

